cycle,range_bin,doppler_bin,output_hex
1038395000,0,0,ffbc003a
1038405000,0,1,00840005
1038415000,0,2,ff29ffad
1038425000,0,3,00d00059
1038435000,0,4,fe7d016f
1038445000,0,5,02a8fc3d
1038455000,0,6,ff7103e1
1038465000,0,7,fe2efd50
1038475000,0,8,ff9401fa
1038485000,0,9,0366ff1e
1038495000,0,10,fac1fd9e
1038505000,0,11,05d606c2
1038515000,0,12,fcd7faae
1038525000,0,13,00a20014
1038535000,0,14,0010ffb3
1038545000,0,15,003f020e
1038555000,0,16,ffacfda4
1038565000,0,17,ff1e02fd
1038575000,0,18,01abfddd
1038585000,0,19,fee401df
1038595000,0,20,0065ffa5
1038605000,0,21,ff8efd57
1038615000,0,22,00910087
1038625000,0,23,ff74ff24
1038635000,0,24,fff004e0
1038645000,0,25,0054fd38
1038655000,0,26,003bfffc
1038665000,0,27,ff62003e
1038675000,0,28,0023ffd6
1038685000,0,29,0084ff90
1038695000,0,30,fff600c1
1038705000,0,31,ffdbff66
1042985000,1,0,ffc80043
1042995000,1,1,fff7ffd4
1043005000,1,2,fffeffad
1043015000,1,3,00870047
1043025000,1,4,ff580088
1043035000,1,5,0060fe86
1043045000,1,6,ff0b00a0
1043055000,1,7,00d7011a
1043065000,1,8,fdddffc5
1043075000,1,9,02f200d5
1043085000,1,10,ff46fc45
1043095000,1,11,014a0506
1043105000,1,12,fd06fcaa
1043115000,1,13,002aff01
1043125000,1,14,0391035e
1043135000,1,15,fea3fbf3
1043145000,1,16,fcdc01f9
1043155000,1,17,0305018c
1043165000,1,18,fdf8fe8f
1043175000,1,19,011f0155
1043185000,1,20,fcf4fe72
1043195000,1,21,04fc00c2
1043205000,1,22,fcfd00ea
1043215000,1,23,0191fb84
1043225000,1,24,00630833
1043235000,1,25,fec6f9db
1043245000,1,26,00bc01d7
1043255000,1,27,fefcff8a
1043265000,1,28,00d20070
1043275000,1,29,0066ff97
1043285000,1,30,ff870048
1043295000,1,31,0049ff83
1047575000,2,0,ffcf002b
1047585000,2,1,0003002f
1047595000,2,2,000dff5a
1047605000,2,3,001a0091
1047615000,2,4,fe9300fe
1047625000,2,5,039bfebf
1047635000,2,6,fd0bffae
1047645000,2,7,02c30020
1047655000,2,8,fc5201a4
1047665000,2,9,0316ff87
1047675000,2,10,ff35fcfd
1047685000,2,11,fe6d0225
1047695000,2,12,00ca0079
1047705000,2,13,ff2afccc
1047715000,2,14,0295019e
1047725000,2,15,ff9202e1
1047735000,2,16,fd0dff45
1047745000,2,17,03e9fd9d
1047755000,2,18,fa730340
1047765000,2,19,0524fc5b
1047775000,2,20,fe25005a
1047785000,2,21,fefb00c1
1047795000,2,22,01dd0126
1047805000,2,23,fe71feb6
1047815000,2,24,00b202cc
1047825000,2,25,0092fca1
1047835000,2,26,fecb024d
1047845000,2,27,01f1fe07
1047855000,2,28,fd6601cf
1047865000,2,29,019cfea8
1047875000,2,30,ffbb012a
1047885000,2,31,002eff49
1052165000,3,0,ffe3003d
1052175000,3,1,ffd4fff8
1052185000,3,2,000affbf
1052195000,3,3,00e0000c
1052205000,3,4,fd480132
1052215000,3,5,0433fe7f
1052225000,3,6,fd64ffcc
1052235000,3,7,00fd015c
1052245000,3,8,ff11ffc9
1052255000,3,9,012bff05
1052265000,3,10,fdd60084
1052275000,3,11,02250089
1052285000,3,12,ff64fedc
1052295000,3,13,fe98fe2a
1052305000,3,14,00c60216
1052315000,3,15,00980204
1052325000,3,16,026ffefd
1052335000,3,17,fc08ff4c
1052345000,3,18,013c0067
1052355000,3,19,0112ffe4
1052365000,3,20,fd4cfeae
1052375000,3,21,02fdfe15
1052385000,3,22,fc4e043e
1052395000,3,23,03a3fcaa
1052405000,3,24,fe3505a1
1052415000,3,25,0039fbb3
1052425000,3,26,00fc0186
1052435000,3,27,fe7dff0f
1052445000,3,28,01680050
1052455000,3,29,ffc8ff96
1052465000,3,30,ff9800c0
1052475000,3,31,0044ff5e
1056755000,4,0,ffae003f
1056765000,4,1,0028ffde
1056775000,4,2,ff7fff3e
1056785000,4,3,00a60183
1056795000,4,4,ff91ffd4
1056805000,4,5,00f5fd71
1056815000,4,6,ff60023d
1056825000,4,7,ff870080
1056835000,4,8,00c8fe4c
1056845000,4,9,ff670167
1056855000,4,10,feb9fe23
1056865000,4,11,026e03f3
1056875000,4,12,fe39fb1a
1056885000,4,13,fedd018a
1056895000,4,14,020200e4
1056905000,4,15,015d0034
1056915000,4,16,fe6eff53
1056925000,4,17,00e80316
1056935000,4,18,fe71fb14
1056945000,4,19,009402eb
1056955000,4,20,feb9fe74
1056965000,4,21,0121ff4d
1056975000,4,22,ff420299
1056985000,4,23,00ebfc1c
1056995000,4,24,ffd40856
1057005000,4,25,005df875
1057015000,4,26,006302fb
1057025000,4,27,ff50ff33
1057035000,4,28,fffdff5a
1057045000,4,29,00a90130
1057055000,4,30,ff58ffa6
1057065000,4,31,0089ff94
1061345000,5,0,ff83ffe1
1061355000,5,1,006a002f
1061365000,5,2,ff42000f
1061375000,5,3,011dff69
1061385000,5,4,ff780101
1061395000,5,5,00bdfe8c
1061405000,5,6,fddd006b
1061415000,5,7,02bf005a
1061425000,5,8,fcd600ac
1061435000,5,9,0208ffe9
1061445000,5,10,fec0ffe1
1061455000,5,11,04150097
1061465000,5,12,fae8fdc2
1061475000,5,13,0214009f
1061485000,5,14,0294ff48
1061495000,5,15,fb0a00b1
1061505000,5,16,053500e9
1061515000,5,17,fca60091
1061525000,5,18,fdacfe8b
1061535000,5,19,0325fed5
1061545000,5,20,fe8402f3
1061555000,5,21,0165fd62
1061565000,5,22,ff0f00af
1061575000,5,23,feb3014c
1061585000,5,24,03fa0132
1061595000,5,25,fd24fdeb
1061605000,5,26,00520045
1061615000,5,27,00a9005b
1061625000,5,28,ff94002a
1061635000,5,29,008effb7
1061645000,5,30,ff40ffd6
1061655000,5,31,00c40021
1065935000,6,0,002d005f
1065945000,6,1,ffdeff46
1065955000,6,2,001700f8
1065965000,6,3,ff84ff23
1065975000,6,4,008700fa
1065985000,6,5,0137fef5
1065995000,6,6,ff9101d0
1066005000,6,7,fd61fcc0
1066015000,6,8,02fd02cb
1066025000,6,9,ffe3fdd3
1066035000,6,10,fe2c00d4
1066045000,6,11,fe520083
1066055000,6,12,0396ffc3
1066065000,6,13,fea7020c
1066075000,6,14,003ffc01
1066085000,6,15,00ce0227
1066095000,6,16,ffe5ff7f
1066105000,6,17,01c0ff0a
1066115000,6,18,fafd036a
1066125000,6,19,00f2fc3b
1066135000,6,20,01f101da
1066145000,6,21,fd6dff15
1066155000,6,22,033bfe92
1066165000,6,23,fec90454
1066175000,6,24,006dfcab
1066185000,6,25,fe3702fd
1066195000,6,26,0288fe0e
1066205000,6,27,fde00047
1066215000,6,28,010600dd
1066225000,6,29,001dfe3a
1066235000,6,30,003d0141
1066245000,6,31,ffa0ff7d
1070525000,7,0,ffb5007e
1070535000,7,1,0054ff99
1070545000,7,2,ff01002d
1070555000,7,3,018f0045
1070565000,7,4,fea3ffe9
1070575000,7,5,015dfe20
1070585000,7,6,ffff01b8
1070595000,7,7,0002fff4
1070605000,7,8,fec900c2
1070615000,7,9,00350070
1070625000,7,10,ff5efcde
1070635000,7,11,048c00df
1070645000,7,12,f9030042
1070655000,7,13,04b3ff61
1070665000,7,14,fe6b0239
1070675000,7,15,00dffd33
1070685000,7,16,fe4302a0
1070695000,7,17,0208fdc1
1070705000,7,18,fe710223
1070715000,7,19,fe19ffcd
1070725000,7,20,03fffdb7
1070735000,7,21,fd490274
1070745000,7,22,017ffee8
1070755000,7,23,ff3effa4
1070765000,7,24,011f0058
1070775000,7,25,fd0700e6
1070785000,7,26,02b0fffe
1070795000,7,27,ff20fed7
1070805000,7,28,ffe301ce
1070815000,7,29,00c7fee3
1070825000,7,30,ff7f00d3
1070835000,7,31,0085ff25
1075115000,8,0,fff1002f
1075125000,8,1,ffd1ffe1
1075135000,8,2,fffcffc6
1075145000,8,3,000500a1
1075155000,8,4,ffc0006c
1075165000,8,5,0205fd3c
1075175000,8,6,fe0803a0
1075185000,8,7,006dfe1b
1075195000,8,8,fff2fe1b
1075205000,8,9,ff9202cd
1075215000,8,10,fe5bfda9
1075225000,8,11,040f05f2
1075235000,8,12,fd8ef9ce
1075245000,8,13,fee70245
1075255000,8,14,01d6ffcb
1075265000,8,15,005bfcab
1075275000,8,16,ff0d0429
1075285000,8,17,02ebff7b
1075295000,8,18,fa7eff36
1075305000,8,19,03410019
1075315000,8,20,fe8801e2
1075325000,8,21,ffc9fd36
1075335000,8,22,01b600ec
1075345000,8,23,feddfd3d
1075355000,8,24,01c40695
1075365000,8,25,fd5afc87
1075375000,8,26,01b3ff6f
1075385000,8,27,009b00f4
1075395000,8,28,fee6ff94
1075405000,8,29,00630029
1075415000,8,30,0004000d
1075425000,8,31,001bff9d
1079705000,9,0,ffda004a
1079715000,9,1,ffeaffd8
1079725000,9,2,0051ffe1
1079735000,9,3,ff740018
1079745000,9,4,feea0062
1079755000,9,5,030aff25
1079765000,9,6,fe5e0211
1079775000,9,7,00fbfde8
1079785000,9,8,fd540164
1079795000,9,9,04dafe11
1079805000,9,10,fb12ff8c
1079815000,9,11,ff690358
1079825000,9,12,049bfcfc
1079835000,9,13,fc0401b7
1079845000,9,14,017cfd7b
1079855000,9,15,015b03cb
1079865000,9,16,fdf6ff44
1079875000,9,17,03fcfe52
1079885000,9,18,f9c50141
1079895000,9,19,02dcfe9c
1079905000,9,20,010a0170
1079915000,9,21,fe22fe57
1079925000,9,22,01fa013d
1079935000,9,23,ff4bfe98
1079945000,9,24,ff0802ce
1079955000,9,25,0100fec1
1079965000,9,26,ff000022
1079975000,9,27,017bff04
1079985000,9,28,ff3500da
1079995000,9,29,0078ffc9
1080005000,9,30,ffb4003f
1080015000,9,31,0023ff6d
1084295000,10,0,ffd6003c
1084305000,10,1,0039ff94
1084315000,10,2,ffa90079
1084325000,10,3,ffabffd4
1084335000,10,4,ff9c0087
1084345000,10,5,0376ff9e
1084355000,10,6,fce7004a
1084365000,10,7,0186fec8
1084375000,10,8,fec4025a
1084385000,10,9,017afdeb
1084395000,10,10,fddcfef2
1084405000,10,11,000004ab
1084415000,10,12,03c7fa98
1084425000,10,13,fabb012e
1084435000,10,14,053a001f
1084445000,10,15,fe4901bd
1084455000,10,16,fd50fec8
1084465000,10,17,0301ff76
1084475000,10,18,fa3f0297
1084485000,10,19,04e7fc80
1084495000,10,20,00240391
1084505000,10,21,ffa6fd5c
1084515000,10,22,ffd10294
1084525000,10,23,0012fca4
1084535000,10,24,ff3e02ea
1084545000,10,25,00e8feb3
1084555000,10,26,ff68ffe6
1084565000,10,27,00c2ff81
1084575000,10,28,ff4901b0
1084585000,10,29,ffedfef8
1084595000,10,30,004a0043
1084605000,10,31,000bffbf
1088885000,11,0,ff7a0058
1088895000,11,1,0094ffba
1088905000,11,2,ff57007d
1088915000,11,3,0023ff19
1088925000,11,4,ff31023f
1088935000,11,5,0362fd12
1088945000,11,6,fd770120
1088955000,11,7,ffbf004a
1088965000,11,8,00b6ffbc
1088975000,11,9,ffee01c5
1088985000,11,10,fe7afc1d
1088995000,11,11,00fc04e2
1089005000,11,12,014efa52
1089015000,11,13,ff04035f
1089025000,11,14,008fff3e
1089035000,11,15,ffa1ff09
1089045000,11,16,ff7802fc
1089055000,11,17,fd78ffa6
1089065000,11,18,02b9fd63
1089075000,11,19,028d0163
1089085000,11,20,fcf101ad
1089095000,11,21,00fcfc8c
1089105000,11,22,fec502be
1089115000,11,23,00f1fcca
1089125000,11,24,fef00380
1089135000,11,25,024afeaf
1089145000,11,26,fda2001b
1089155000,11,27,0160005e
1089165000,11,28,ffe8ffba
1089175000,11,29,ff6affe7
1089185000,11,30,00590064
1089195000,11,31,0053ff4f
1093475000,12,0,ffbe0016
1093485000,12,1,0008fffb
1093495000,12,2,ffc70011
1093505000,12,3,009bffa7
1093515000,12,4,ff710232
1093525000,12,5,0152fc2f
1093535000,12,6,ff2a01f3
1093545000,12,7,0082005c
1093555000,12,8,fe35ffba
1093565000,12,9,00eb013a
1093575000,12,10,fe55fb10
1093585000,12,11,04450846
1093595000,12,12,fc08f7b0
1093605000,12,13,03870161
1093615000,12,14,fd4e05c9
1093625000,12,15,017efadf
1093635000,12,16,ff7e02a8
1093645000,12,17,ff1aff29
1093655000,12,18,ff1bfed7
1093665000,12,19,016dffc9
1093675000,12,20,02570162
1093685000,12,21,fc7afe19
1093695000,12,22,00a80341
1093705000,12,23,ff68fd04
1093715000,12,24,0257026c
1093725000,12,25,fef7fece
1093735000,12,26,ff810034
1093745000,12,27,ffa7ffa6
1093755000,12,28,00f000c0
1093765000,12,29,ffa9ff83
1093775000,12,30,fff0002f
1093785000,12,31,0054ffcd
1098065000,13,0,ffe70050
1098075000,13,1,0035ff8a
1098085000,13,2,ff0a00cb
1098095000,13,3,0104fed0
1098105000,13,4,00e20282
1098115000,13,5,feabfb6a
1098125000,13,6,012a02e2
1098135000,13,7,fdeefee2
1098145000,13,8,0311025c
1098155000,13,9,fd60fd44
1098165000,13,10,0064002c
1098175000,13,11,ff5f045e
1098185000,13,12,0094fae5
1098195000,13,13,01d900d0
1098205000,13,14,fe60024e
1098215000,13,15,000ffb73
1098225000,13,16,01750308
1098235000,13,17,ffa100ea
1098245000,13,18,fd40fe49
1098255000,13,19,015a012c
1098265000,13,20,ff48fe3a
1098275000,13,21,ff7700e2
1098285000,13,22,030e00e2
1098295000,13,23,fc42fffe
1098305000,13,24,02630118
1098315000,13,25,ff1efdb4
1098325000,13,26,021201b4
1098335000,13,27,fde3ff8e
1098345000,13,28,00c2fff3
1098355000,13,29,0049ffa0
1098365000,13,30,ff8800ca
1098375000,13,31,0059ff6d
1102655000,14,0,fff20056
1102665000,14,1,ffdcff98
1102675000,14,2,0079ffd7
1102685000,14,3,ff5e00f4
1102695000,14,4,007d000a
1102705000,14,5,00d2fe89
1102715000,14,6,feccffd2
1102725000,14,7,ffbf03bc
1102735000,14,8,ffc2fd65
1102745000,14,9,02edffc5
1102755000,14,10,fd65fe94
1102765000,14,11,017c03d3
1102775000,14,12,01e2fca2
1102785000,14,13,fa37004e
1102795000,14,14,0436fdba
1102805000,14,15,00f202f8
1102815000,14,16,fab4ff44
1102825000,14,17,05a20252
1102835000,14,18,fa9bfd4b
1102845000,14,19,02fa010e
1102855000,14,20,fe93fff8
1102865000,14,21,009efefd
1102875000,14,22,00f40266
1102885000,14,23,014ffd26
1102895000,14,24,fe2802ed
1102905000,14,25,005dfd11
1102915000,14,26,fecf02ba
1102925000,14,27,00a0fe0f
1102935000,14,28,ffde0140
1102945000,14,29,00b1ff3c
1102955000,14,30,ffb2009e
1102965000,14,31,001cffa2
1107245000,15,0,0001005d
1107255000,15,1,fffdffba
1107265000,15,2,ffecffff
1107275000,15,3,feefff84
1107285000,15,4,01050122
1107295000,15,5,0199feeb
1107305000,15,6,fdcc00b6
1107315000,15,7,00c7004c
1107325000,15,8,ffcdfeff
1107335000,15,9,025d01a3
1107345000,15,10,fa36fdba
1107355000,15,11,034002e9
1107365000,15,12,01ddfb72
1107375000,15,13,fde903d8
1107385000,15,14,00affe98
1107395000,15,15,0164ff0b
1107405000,15,16,fccd01b7
1107415000,15,17,040bfe0e
1107425000,15,18,fa80038f
1107435000,15,19,0179fc34
1107445000,15,20,01cb02ce
1107455000,15,21,feabfe25
1107465000,15,22,01540066
1107475000,15,23,ffcd0098
1107485000,15,24,fe95024d
1107495000,15,25,0257fce9
1107505000,15,26,fee20184
1107515000,15,27,00c0febf
1107525000,15,28,ff53011e
1107535000,15,29,002ffe7c
1107545000,15,30,fffd0180
1107555000,15,31,0008ff19
1111835000,16,0,ff960046
1111845000,16,1,003effb1
1111855000,16,2,ffc4ffba
1111865000,16,3,003700d4
1111875000,16,4,fedc010b
1111885000,16,5,036ffcfb
1111895000,16,6,fd55020c
1111905000,16,7,fefffffd
1111915000,16,8,012cfeb8
1111925000,16,9,ffa701bb
1111935000,16,10,0022fd14
1111945000,16,11,0252070f
1111955000,16,12,fde3f7e6
1111965000,16,13,00120368
1111975000,16,14,fe9cff7c
1111985000,16,15,048bfd55
1111995000,16,16,fafc04ee
1112005000,16,17,03cefe39
1112015000,16,18,fd6afe36
1112025000,16,19,fdbb021a
1112035000,16,20,037efec9
1112045000,16,21,ff790027
1112055000,16,22,fecf019c
1112065000,16,23,0149fc8d
1112075000,16,24,007a0684
1112085000,16,25,ff65fa6b
1112095000,16,26,00440208
1112105000,16,27,0020ff3f
1112115000,16,28,ff6bfffe
1112125000,16,29,0046ffde
1112135000,16,30,ffbc0098
1112145000,16,31,0081ff7d
1116425000,17,0,ffde006d
1116435000,17,1,0005ff70
1116445000,17,2,ff7100fa
1116455000,17,3,0168fe4e
1116465000,17,4,fded0253
1116475000,17,5,0267fd45
1116485000,17,6,ff9103c0
1116495000,17,7,fe7ffd0d
1116505000,17,8,0056feea
1116515000,17,9,0156039b
1116525000,17,10,fe2dfd5e
1116535000,17,11,014d0360
1116545000,17,12,0013faf2
1116555000,17,13,ffc0022f
1116565000,17,14,ff3800a3
1116575000,17,15,0133fd39
1116585000,17,16,002e029f
1116595000,17,17,fea3fe4c
1116605000,17,18,fe91037a
1116615000,17,19,01420070
1116625000,17,20,0067fb8f
1116635000,17,21,ff9b015d
1116645000,17,22,00fb02aa
1116655000,17,23,ffdffb71
1116665000,17,24,0036057a
1116675000,17,25,ff86fba9
1116685000,17,26,005d02ca
1116695000,17,27,ffe1fe3e
1116705000,17,28,ff5900a4
1116715000,17,29,00caffaf
1116725000,17,30,ffb8009f
1116735000,17,31,0027ff3d
1121015000,18,0,fff90044
1121025000,18,1,ffe8000d
1121035000,18,2,000cff68
1121045000,18,3,ffe300f5
1121055000,18,4,ffc600e8
1121065000,18,5,0228fd28
1121075000,18,6,fd9c0244
1121085000,18,7,0175fdc8
1121095000,18,8,fdab01e1
1121105000,18,9,030e00b9
1121115000,18,10,fc6efdcd
1121125000,18,11,03bf01ff
1121135000,18,12,fc87ff80
1121145000,18,13,011ffd5f
1121155000,18,14,0371022c
1121165000,18,15,fcfb0056
1121175000,18,16,0019ffde
1121185000,18,17,01e20129
1121195000,18,18,fb7cfcaa
1121205000,18,19,028902b1
1121215000,18,20,0036fd18
1121225000,18,21,00ce01c6
1121235000,18,22,fd7c028c
1121245000,18,23,0115fbb0
1121255000,18,24,01e3048d
1121265000,18,25,fe18fd01
1121275000,18,26,00a20141
1121285000,18,27,0069fecb
1121295000,18,28,ff650090
1121305000,18,29,ffab0053
1121315000,18,30,00e70014
1121325000,18,31,ffa7ff62
1125605000,19,0,ffd90015
1125615000,19,1,0008ffff
1125625000,19,2,ff8bffd2
1125635000,19,3,0163ffec
1125645000,19,4,fdb40108
1125655000,19,5,0342fe7a
1125665000,19,6,fdf500c6
1125675000,19,7,0078feea
1125685000,19,8,00190332
1125695000,19,9,fe2afd59
1125705000,19,10,022d00c7
1125715000,19,11,01aeffe3
1125725000,19,12,fac6fee5
1125735000,19,13,02deff17
1125745000,19,14,017efec5
1125755000,19,15,ff1205de
1125765000,19,16,fe7ffbfb
1125775000,19,17,ff640385
1125785000,19,18,0295fe0a
1125795000,19,19,fde7fef8
1125805000,19,20,fff60012
1125815000,19,21,031effe4
1125825000,19,22,fd7f01b8
1125835000,19,23,003afba6
1125845000,19,24,ffe70656
1125855000,19,25,fffafbc7
1125865000,19,26,00e301e9
1125875000,19,27,fee0fe8d
1125885000,19,28,00500181
1125895000,19,29,0032ff97
1125905000,19,30,0026ffa9
1125915000,19,31,0004fffe
1130195000,20,0,ffab0047
1130205000,20,1,0043ffba
1130215000,20,2,ff48001c
1130225000,20,3,0110ffd9
1130235000,20,4,fefb01b0
1130245000,20,5,028afc6e
1130255000,20,6,fd230240
1130265000,20,7,011bffa6
1130275000,20,8,ff6c0048
1130285000,20,9,001b0026
1130295000,20,10,feecfde9
1130305000,20,11,01070439
1130315000,20,12,015afc9d
1130325000,20,13,fd59ff31
1130335000,20,14,01980233
1130345000,20,15,0246ff60
1130355000,20,16,fc2b0007
1130365000,20,17,036d0314
1130375000,20,18,fc1efb3e
1130385000,20,19,00e8010b
1130395000,20,20,018d0072
1130405000,20,21,fe92ff50
1130415000,20,22,00610228
1130425000,20,23,002dfba8
1130435000,20,24,014a077a
1130445000,20,25,fe29fbd4
1130455000,20,26,00c2ffa1
1130465000,20,27,001dfff3
1130475000,20,28,002200e1
1130485000,20,29,ff97ff99
1130495000,20,30,00600041
1130505000,20,31,0036ff82
1134785000,21,0,fffe0006
1134795000,21,1,fff0ffb7
1134805000,21,2,ffa2009a
1134815000,21,3,0074fe78
1134825000,21,4,00d50306
1134835000,21,5,ff0dfd62
1134845000,21,6,00bf0076
1134855000,21,7,ffa6003c
1134865000,21,8,ff18ff4a
1134875000,21,9,00c4017b
1134885000,21,10,0036fce8
1134895000,21,11,ff5f04f7
1134905000,21,12,001dfb21
1134915000,21,13,ff680274
1134925000,21,14,0166fe35
1134935000,21,15,fde00330
1134945000,21,16,03eafd00
1134955000,21,17,ff2800d9
1134965000,21,18,fb6201f8
1134975000,21,19,0396feb6
1134985000,21,20,ff35fdb8
1134995000,21,21,ff2d007c
1135005000,21,22,019100a4
1135015000,21,23,fd0401e4
1135025000,21,24,02ecff20
1135035000,21,25,ff080095
1135045000,21,26,0066005a
1135055000,21,27,006ffec3
1135065000,21,28,fe7d00c1
1135075000,21,29,01caff86
1135085000,21,30,ff3affed
1135095000,21,31,002e0030
1139375000,22,0,001e0043
1139385000,22,1,ff95ff75
1139395000,22,2,009000c4
1139405000,22,3,000bff84
1139415000,22,4,ff2b0061
1139425000,22,5,0148ffda
1139435000,22,6,0056fedc
1139445000,22,7,ffeb005c
1139455000,22,8,fcff00a4
1139465000,22,9,02eeffa8
1139475000,22,10,fee50028
1139485000,22,11,0189006d
1139495000,22,12,fbe8ff81
1139505000,22,13,046e0124
1139515000,22,14,fbd8fb1b
1139525000,22,15,04200643
1139535000,22,16,ffd4fcd9
1139545000,22,17,fe33fef3
1139555000,22,18,007a053c
1139565000,22,19,fe35f9d6
1139575000,22,20,030b0529
1139585000,22,21,fc12fa7c
1139595000,22,22,023202bc
1139605000,22,23,ffe9003c
1139615000,22,24,009f0210
1139625000,22,25,ffaafe24
1139635000,22,26,ffddff8c
1139645000,22,27,003700dd
1139655000,22,28,ffaa002d
1139665000,22,29,00a8ff3a
1139675000,22,30,ffcc00a1
1139685000,22,31,ffecff89
1143965000,23,0,ffc8fffe
1143975000,23,1,ffc9ffd4
1143985000,23,2,00380090
1143995000,23,3,ffaaffea
1144005000,23,4,ffab000f
1144015000,23,5,023fff3b
1144025000,23,6,fe04fff1
1144035000,23,7,01770149
1144045000,23,8,fce5ff7c
1144055000,23,9,03e700a2
1144065000,23,10,fb3bfd31
1144075000,23,11,045a04db
1144085000,23,12,ff80fcff
1144095000,23,13,ff220003
1144105000,23,14,030ffcab
1144115000,23,15,fbe304c7
1144125000,23,16,ffd0fe76
1144135000,23,17,0345fe0e
1144145000,23,18,fb8403fc
1144155000,23,19,011cfd5e
1144165000,23,20,02bfff85
1144175000,23,21,fc4d022b
1144185000,23,22,0248ff1d
1144195000,23,23,00850033
1144205000,23,24,002fff84
1144215000,23,25,ff970134
1144225000,23,26,fe39ff97
1144235000,23,27,02c8fe7d
1144245000,23,28,fdb20119
1144255000,23,29,01ceffc7
1144265000,23,30,fead0023
1144275000,23,31,00b1ffe5
1148555000,24,0,ffb0007a
1148565000,24,1,000cff4b
1148575000,24,2,005800bc
1148585000,24,3,ff1dff85
1148595000,24,4,00eb0226
1148605000,24,5,00d9fc88
1148615000,24,6,fe7c01b7
1148625000,24,7,01170106
1148635000,24,8,fe23fdab
1148645000,24,9,024a02a9
1148655000,24,10,fcdafb5c
1148665000,24,11,05f70758
1148675000,24,12,fadcf95d
1148685000,24,13,004b0248
1148695000,24,14,01bcff52
1148705000,24,15,fec000b0
1148715000,24,16,ffe4010c
1148725000,24,17,0484ffab
1148735000,24,18,f9b60012
1148745000,24,19,02e7fe23
1148755000,24,20,ff8f0128
1148765000,24,21,0031fda2
1148775000,24,22,ff7c02d9
1148785000,24,23,ff2ffcde
1148795000,24,24,007d04e7
1148805000,24,25,011aff29
1148815000,24,26,fe1cfdc6
1148825000,24,27,02bd0164
1148835000,24,28,fe4eff65
1148845000,24,29,0027ff76
1148855000,24,30,fff00106
1148865000,24,31,0052ff58
1153145000,25,0,0001005e
1153155000,25,1,fffaffc2
1153165000,25,2,ffdcffd9
1153175000,25,3,ff6d007b
1153185000,25,4,01c1ffb5
1153195000,25,5,ff07ffbf
1153205000,25,6,ff48009d
1153215000,25,7,0122fee8
1153225000,25,8,ff22010a
1153235000,25,9,ff20005c
1153245000,25,10,0167fefe
1153255000,25,11,fe680361
1153265000,25,12,0334fb5d
1153275000,25,13,fce40061
1153285000,25,14,02260127
1153295000,25,15,0281fdf7
1153305000,25,16,f8e7040a
1153315000,25,17,05c2fcca
1153325000,25,18,fa240347
1153335000,25,19,02fbfd4f
1153345000,25,20,00c7007f
1153355000,25,21,ffcb0153
1153365000,25,22,ffe8fe39
1153375000,25,23,ffe800c4
1153385000,25,24,017a01d6
1153395000,25,25,fec4ff2c
1153405000,25,26,fffdfec6
1153415000,25,27,0100ff89
1153425000,25,28,ff5801af
1153435000,25,29,ff2afeb9
1153445000,25,30,013e00e7
1153455000,25,31,ff95ff19
1157735000,26,0,ff93003b
1157745000,26,1,008afff8
1157755000,26,2,ff76ffff
1157765000,26,3,0042ffbc
1157775000,26,4,ff8f00d3
1157785000,26,5,0206ff71
1157795000,26,6,fe680053
1157805000,26,7,fe96ffb5
1157815000,26,8,01b1fec2
1157825000,26,9,01030334
1157835000,26,10,fec6fbd6
1157845000,26,11,001c0622
1157855000,26,12,fee6f7ee
1157865000,26,13,026b0559
1157875000,26,14,fc81fcaa
1157885000,26,15,039c02ea
1157895000,26,16,fe29fe79
1157905000,26,17,02e4027e
1157915000,26,18,fad8fda1
1157925000,26,19,013e01f0
1157935000,26,20,02dbfc0f
1157945000,26,21,fcce0253
1157955000,26,22,02b4020b
1157965000,26,23,0050fb57
1157975000,26,24,fce704e6
1157985000,26,25,0293fc52
1157995000,26,26,feac028e
1158005000,26,27,0080ff52
1158015000,26,28,feb4ff5c
1158025000,26,29,01e500c7
1158035000,26,30,ff4bffdc
1158045000,26,31,003aff9a
1162325000,27,0,ff87004d
1162335000,27,1,0025ffba
1162345000,27,2,ffce002c
1162355000,27,3,012d0046
1162365000,27,4,fea3008e
1162375000,27,5,022cfd74
1162385000,27,6,fdb40385
1162395000,27,7,000bfd8f
1162405000,27,8,001ffe82
1162415000,27,9,0234035c
1162425000,27,10,fcf1fce6
1162435000,27,11,022b0103
1162445000,27,12,fe1e00a6
1162455000,27,13,0333ff38
1162465000,27,14,fb94025c
1162475000,27,15,0283fd19
1162485000,27,16,fdfd02b3
1162495000,27,17,03b1fd52
1162505000,27,18,fe28ffa2
1162515000,27,19,fd5d02ae
1162525000,27,20,03f5fbfa
1162535000,27,21,fc6403c4
1162545000,27,22,02ba0069
1162555000,27,23,fe39fee1
1162565000,27,24,0069ff72
1162575000,27,25,00320078
1162585000,27,26,00d5012c
1162595000,27,27,ff7ffeb5
1162605000,27,28,ff9e0076
1162615000,27,29,0051ffa0
1162625000,27,30,ffe200de
1162635000,27,31,00b5ff3b
1166915000,28,0,ffe1001a
1166925000,28,1,ffc30041
1166935000,28,2,0032ffee
1166945000,28,3,009bff51
1166955000,28,4,fea30210
1166965000,28,5,01dcfc10
1166975000,28,6,00030337
1166985000,28,7,fe3b0091
1166995000,28,8,0021fea4
1167005000,28,9,01410049
1167015000,28,10,fc04fd02
1167025000,28,11,07ea080f
1167035000,28,12,fa2ff873
1167045000,28,13,02b500d8
1167055000,28,14,fe4b012e
1167065000,28,15,0031ffd0
1167075000,28,16,0091011a
1167085000,28,17,0137fee3
1167095000,28,18,fc12ff28
1167105000,28,19,029f01b1
1167115000,28,20,ff13fd50
1167125000,28,21,ff6e038c
1167135000,28,22,004fffad
1167145000,28,23,00effd0b
1167155000,28,24,0111046c
1167165000,28,25,fe0dfc9f
1167175000,28,26,01300108
1167185000,28,27,ff4cffb7
1167195000,28,28,00ff0071
1167205000,28,29,fea9ff78
1167215000,28,30,00830096
1167225000,28,31,0025ff84
1171505000,29,0,ffca000a
1171515000,29,1,0044fffe
1171525000,29,2,ff3c0022
1171535000,29,3,00f5ffcb
1171545000,29,4,001e017a
1171555000,29,5,ffb8fd15
1171565000,29,6,00990122
1171575000,29,7,fe3e0150
1171585000,29,8,026dfe9b
1171595000,29,9,fca50059
1171605000,29,10,0218fed2
1171615000,29,11,ff840493
1171625000,29,12,ffbefafb
1171635000,29,13,011c004b
1171645000,29,14,ffb002fd
1171655000,29,15,0146fbff
1171665000,29,16,fdf204ca
1171675000,29,17,0268fd98
1171685000,29,18,fa10ffa6
1171695000,29,19,05f1005f
1171705000,29,20,fcf8fdf0
1171715000,29,21,011001c3
1171725000,29,22,ff25012e
1171735000,29,23,0028feca
1171745000,29,24,026701f9
1171755000,29,25,fe43fe71
1171765000,29,26,ff38ffba
1171775000,29,27,00860073
1171785000,29,28,014c0013
1171795000,29,29,fe78ff95
1171805000,29,30,00b6006f
1171815000,29,31,0004ffaf
1176095000,30,0,000fffe5
1176105000,30,1,ffc9002c
1176115000,30,2,0048ffee
1176125000,30,3,fff7ffe4
1176135000,30,4,00a100dd
1176145000,30,5,0002fe7d
1176155000,30,6,0014ffe7
1176165000,30,7,fe2c01af
1176175000,30,8,01e6fe63
1176185000,30,9,010000c9
1176195000,30,10,fc56fdac
1176205000,30,11,034d046f
1176215000,30,12,fbe3fd25
1176225000,30,13,05b5ffc5
1176235000,30,14,faa500c1
1176245000,30,15,03f5fe58
1176255000,30,16,00df0209
1176265000,30,17,fddfff34
1176275000,30,18,fef8ffa6
1176285000,30,19,ff850130
1176295000,30,20,ffcffe6b
1176305000,30,21,fe7efe5f
1176315000,30,22,055c053b
1176325000,30,23,fd80fc2b
1176335000,30,24,fe7c01e3
1176345000,30,25,0204fe6b
1176355000,30,26,fefe01c8
1176365000,30,27,ffd70009
1176375000,30,28,ffadff57
1176385000,30,29,0117004b
1176395000,30,30,ffe7ffad
1176405000,30,31,ffe70032
1180685000,31,0,00270081
1180695000,31,1,ffc6ff02
1180705000,31,2,000401dc
1180715000,31,3,fffffe2a
1180725000,31,4,0075002a
1180735000,31,5,ff9d0070
1180745000,31,6,0188005e
1180755000,31,7,fec8ff8f
1180765000,31,8,fed900b9
1180775000,31,9,020ffd6d
1180785000,31,10,fd7f0406
1180795000,31,11,00bfff29
1180805000,31,12,0228fc72
1180815000,31,13,fef1024c
1180825000,31,14,0063feff
1180835000,31,15,fe0400bb
1180845000,31,16,03f9ffa5
1180855000,31,17,fb56005c
1180865000,31,18,00f8029e
1180875000,31,19,0119fc8a
1180885000,31,20,ff73ff80
1180895000,31,21,ffb3013a
1180905000,31,22,027a0128
1180915000,31,23,fd7afe89
1180925000,31,24,ffcbff91
1180935000,31,25,ffbd0145
1180945000,31,26,01a5009c
1180955000,31,27,fed5ff73
1180965000,31,28,015c001c
1180975000,31,29,ff0fff7a
1180985000,31,30,005b0087
1180995000,31,31,ffc6ff8d
1185275000,32,0,ffe60028
1185285000,32,1,ffb6fff1
1185295000,32,2,ffe0ff60
1185305000,32,3,007500c8
1185315000,32,4,fee5ffad
1185325000,32,5,02b1ffca
1185335000,32,6,fd430074
1185345000,32,7,01b50021
1185355000,32,8,fd7b0055
1185365000,32,9,0285feba
1185375000,32,10,fd2dfdd7
1185385000,32,11,02d70657
1185395000,32,12,fea1fc5d
1185405000,32,13,ff93fd8b
1185415000,32,14,028a05a9
1185425000,32,15,fe2cfa84
1185435000,32,16,004e032a
1185445000,32,17,fbc80095
1185455000,32,18,067cfe6a
1185465000,32,19,fe850158
1185475000,32,20,fe05fe2b
1185485000,32,21,ffd10024
1185495000,32,22,028300ac
1185505000,32,23,fd41fe7b
1185515000,32,24,013d05fd
1185525000,32,25,ffa9fa78
1185535000,32,26,016f0213
1185545000,32,27,ff43fef1
1185555000,32,28,0049007f
1185565000,32,29,006fffbf
1185575000,32,30,ff18000b
1185585000,32,31,007affa8
1189865000,33,0,ffb80041
1189875000,33,1,005bffc8
1189885000,33,2,ff71ffc6
1189895000,33,3,009e001d
1189905000,33,4,ffb3014f
1189915000,33,5,011bfd91
1189925000,33,6,fd7600ff
1189935000,33,7,0248006b
1189945000,33,8,fd8afffb
1189955000,33,9,0221ffd0
1189965000,33,10,fe74fcb4
1189975000,33,11,02ee0548
1189985000,33,12,fdacfe9a
1189995000,33,13,fd5bfd4b
1190005000,33,14,03a20316
1190015000,33,15,0087fee8
1190025000,33,16,fd94ffcb
1190035000,33,17,0177000a
1190045000,33,18,ff290050
1190055000,33,19,ffaa00ed
1190065000,33,20,febffe23
1190075000,33,21,040d006d
1190085000,33,22,fce60155
1190095000,33,23,01dcfd2d
1190105000,33,24,ff060551
1190115000,33,25,ff59fb8e
1190125000,33,26,00e201ce
1190135000,33,27,feeeffb2
1190145000,33,28,01b60004
1190155000,33,29,ff81ffdf
1190165000,33,30,00220046
1190175000,33,31,0021ff74
1194455000,34,0,ffa80038
1194465000,34,1,005cfffe
1194475000,34,2,ff44ffa0
1194485000,34,3,012f009e
1194495000,34,4,fdff0017
1194505000,34,5,030eff14
1194515000,34,6,fe7700a1
1194525000,34,7,ffd4ffcd
1194535000,34,8,011e005c
1194545000,34,9,fe3fff0f
1194555000,34,10,00d1fed1
1194565000,34,11,fe9b0298
1194575000,34,12,00c8ffb0
1194585000,34,13,00b7fb16
1194595000,34,14,fe1c0649
1194605000,34,15,02f4fdd6
1194615000,34,16,fcac0136
1194625000,34,17,03f6ff18
1194635000,34,18,fbd20012
1194645000,34,19,017300a0
1194655000,34,20,00bbfd5d
1194665000,34,21,ffa60218
1194675000,34,22,ff35005b
1194685000,34,23,01a6fd15
1194695000,34,24,fe4205e2
1194705000,34,25,013ffd2f
1194715000,34,26,ffa9fea1
1194725000,34,27,00c300fa
1194735000,34,28,ff6a0000
1194745000,34,29,ffd5ffca
1194755000,34,30,003800c7
1194765000,34,31,0052ff18
1199045000,35,0,ffa00002
1199055000,35,1,00020038
1199065000,35,2,ffe1ff9f
1199075000,35,3,00f60014
1199085000,35,4,fe15000d
1199095000,35,5,0286ffe2
1199105000,35,6,fe4cffaa
1199115000,35,7,00f5fffc
1199125000,35,8,fe7b018f
1199135000,35,9,0265fe64
1199145000,35,10,fb48006a
1199155000,35,11,06920099
1199165000,35,12,fb27fe48
1199175000,35,13,01a1fe4b
1199185000,35,14,ff7b02c4
1199195000,35,15,00450014
1199205000,35,16,017800b4
1199215000,35,17,fbd2ff9a
1199225000,35,18,00dd0099
1199235000,35,19,02eafeb6
1199245000,35,20,fe6dfec5
1199255000,35,21,01320256
1199265000,35,22,fe8afff6
1199275000,35,23,00b3fd5c
1199285000,35,24,00c503e7
1199295000,35,25,fce7fe72
1199305000,35,26,037efef2
1199315000,35,27,feba0109
1199325000,35,28,000f006a
1199335000,35,29,fff7ff1d
1199345000,35,30,fffb00a8
1199355000,35,31,0097ff90
1203635000,36,0,ffac004d
1203645000,36,1,0031ff9e
1203655000,36,2,ff75001f
1203665000,36,3,0186004a
1203675000,36,4,fe6000cf
1203685000,36,5,01effcf2
1203695000,36,6,fe210248
1203705000,36,7,0086ffb5
1203715000,36,8,ffa6ff5b
1203725000,36,9,ff950040
1203735000,36,10,0115ffbb
1203745000,36,11,ffb2029b
1203755000,36,12,ff68fce2
1203765000,36,13,ffe3002e
1203775000,36,14,00f5001c
1203785000,36,15,ff180083
1203795000,36,16,002200f7
1203805000,36,17,02f7ffde
1203815000,36,18,fb2fff51
1203825000,36,19,017c00ca
1203835000,36,20,00f0fed7
1203845000,36,21,ffd1ff0c
1203855000,36,22,fec7024a
1203865000,36,23,0084fb41
1203875000,36,24,01a408cd
1203885000,36,25,fdc3fa20
1203895000,36,26,00ff01a1
1203905000,36,27,00700011
1203915000,36,28,ffc0ff1c
1203925000,36,29,ffed00f0
1203935000,36,30,004bffa6
1203945000,36,31,003aff9f
1208225000,37,0,ffba0009
1208235000,37,1,0016fffd
1208245000,37,2,fff2ff6e
1208255000,37,3,ffae004e
1208265000,37,4,010901e4
1208275000,37,5,ffcffd29
1208285000,37,6,fe6e00d2
1208295000,37,7,0194006b
1208305000,37,8,ff29fffe
1208315000,37,9,ff6b009d
1208325000,37,10,00a7fcfb
1208335000,37,11,01d2060d
1208345000,37,12,fe73fa6b
1208355000,37,13,fee00109
1208365000,37,14,03290015
1208375000,37,15,fe8e005b
1208385000,37,16,fe24fe83
1208395000,37,17,01a40293
1208405000,37,18,fc14fe4c
1208415000,37,19,04b402be
1208425000,37,20,fcc3fd08
1208435000,37,21,033700cd
1208445000,37,22,fe120084
1208455000,37,23,ffcafe2d
1208465000,37,24,008d044a
1208475000,37,25,0063fd13
1208485000,37,26,fffb012b
1208495000,37,27,ff94ffd3
1208505000,37,28,009dff15
1208515000,37,29,ffe200c1
1208525000,37,30,ffafff85
1208535000,37,31,008c0011
1212815000,38,0,ffd30026
1212825000,38,1,ff84ffa6
1212835000,38,2,0079009d
1212845000,38,3,00ebffaa
1212855000,38,4,fe1a002b
1212865000,38,5,0153ff40
1212875000,38,6,000701ca
1212885000,38,7,fee6fdb7
1212895000,38,8,01560192
1212905000,38,9,01eafe86
1212915000,38,10,fb760066
1212925000,38,11,019b01c6
1212935000,38,12,ffc4fe00
1212945000,38,13,00110005
1212955000,38,14,ff24ff0b
1212965000,38,15,017c0281
1212975000,38,16,034b0192
1212985000,38,17,fb42fd1c
1212995000,38,18,015b014d
1213005000,38,19,ff39fd88
1213015000,38,20,01f801d5
1213025000,38,21,fc79fea4
1213035000,38,22,01bf01f0
1213045000,38,23,00ecfe71
1213055000,38,24,00f401ba
1213065000,38,25,fc68ffd8
1213075000,38,26,042efea0
1213085000,38,27,fcd50164
1213095000,38,28,018aff6c
1213105000,38,29,ffd30007
1213115000,38,30,ffb6fffb
1213125000,38,31,0076ffcb
1217405000,39,0,ff9fff82
1217415000,39,1,000000bd
1217425000,39,2,000dff32
1217435000,39,3,00090091
1217445000,39,4,ffc900d8
1217455000,39,5,0165fdbe
1217465000,39,6,fdee01fc
1217475000,39,7,02d8ff7e
1217485000,39,8,fdbffecf
1217495000,39,9,002f01e4
1217505000,39,10,ff8efb11
1217515000,39,11,02b40715
1217525000,39,12,fe2bfbbf
1217535000,39,13,fe23fea2
1217545000,39,14,02200294
1217555000,39,15,ff0d007d
1217565000,39,16,0161feb2
1217575000,39,17,fe480183
1217585000,39,18,0063fe5a
1217595000,39,19,00310091
1217605000,39,20,ff6ffe96
1217615000,39,21,01170054
1217625000,39,22,fee20242
1217635000,39,23,01a2ff8a
1217645000,39,24,fe61fff9
1217655000,39,25,0009ff74
1217665000,39,26,0036ffe3
1217675000,39,27,00860071
1217685000,39,28,ffedfec7
1217695000,39,29,00610194
1217705000,39,30,feecff5e
1217715000,39,31,01050053
1221995000,40,0,ffd6002b
1222005000,40,1,ffde0010
1222015000,40,2,0047ffa6
1222025000,40,3,ffd4ffb8
1222035000,40,4,005a02d6
1222045000,40,5,000afaf4
1222055000,40,6,005303a2
1222065000,40,7,fe94fecd
1222075000,40,8,00e10023
1222085000,40,9,ff29022b
1222095000,40,10,0157fa11
1222105000,40,11,00f80960
1222115000,40,12,ff49f8d6
1222125000,40,13,fd35ffdb
1222135000,40,14,0335015a
1222145000,40,15,ff5afff0
1222155000,40,16,ff64001f
1222165000,40,17,0190ffb2
1222175000,40,18,fe4d01d4
1222185000,40,19,fe86fef0
1222195000,40,20,0296fefa
1222205000,40,21,fd0e0022
1222215000,40,22,032dff56
1222225000,40,23,fe48ff75
1222235000,40,24,ffe104a7
1222245000,40,25,ffb1fdf7
1222255000,40,26,01edfe79
1222265000,40,27,fe7e01d4
1222275000,40,28,0073fe3e
1222285000,40,29,fffb015b
1222295000,40,30,ffebffa2
1222305000,40,31,004affd2
1226585000,41,0,ffe30044
1226595000,41,1,ffe2fff8
1226605000,41,2,fff90009
1226615000,41,3,ff68ff77
1226625000,41,4,00bf0150
1226635000,41,5,01e4fe4d
1226645000,41,6,fee802b1
1226655000,41,7,fe52fd4f
1226665000,41,8,0113ff4c
1226675000,41,9,00bb042b
1226685000,41,10,fe06f9a5
1226695000,41,11,ffe106ae
1226705000,41,12,026efb0b
1226715000,41,13,ff2a0223
1226725000,41,14,fdaaffcc
1226735000,41,15,03180000
1226745000,41,16,fe850078
1226755000,41,17,02da0072
1226765000,41,18,fbe9fd29
1226775000,41,19,01780375
1226785000,41,20,0035fd16
1226795000,41,21,ff6c007b
1226805000,41,22,ffde01c3
1226815000,41,23,ffc4fdfd
1226825000,41,24,006101ec
1226835000,41,25,ffe1ffb3
1226845000,41,26,01d0ffd5
1226855000,41,27,ff1bffa2
1226865000,41,28,fec2009b
1226875000,41,29,0106ff75
1226885000,41,30,ffb80084
1226895000,41,31,003eff60
1231175000,42,0,ffc9002c
1231185000,42,1,004b0004
1231195000,42,2,ffe70011
1231205000,42,3,fff6ff97
1231215000,42,4,ff7100c7
1231225000,42,5,01edfee3
1231235000,42,6,fdcf010e
1231245000,42,7,017efd79
1231255000,42,8,fdae0385
1231265000,42,9,0354ff8c
1231275000,42,10,fd41feae
1231285000,42,11,015601b7
1231295000,42,12,004bfc68
1231305000,42,13,fefaffd9
1231315000,42,14,02e103bd
1231325000,42,15,fcfdff5b
1231335000,42,16,fffffca2
1231345000,42,17,030902fa
1231355000,42,18,f91dff8f
1231365000,42,19,04a0fecf
1231375000,42,20,fff500d7
1231385000,42,21,fe49ff0f
1231395000,42,22,020d03aa
1231405000,42,23,ff1cfc97
1231415000,42,24,ffa20179
1231425000,42,25,00acffda
1231435000,42,26,002f0066
1231445000,42,27,0038fef7
1231455000,42,28,fe970106
1231465000,42,29,0114ff09
1231475000,42,30,001f00df
1231485000,42,31,fffdff69
1235765000,43,0,ff980040
1235775000,43,1,0085ffe8
1235785000,43,2,ff8b0066
1235795000,43,3,ffd1ff3a
1235805000,43,4,000f0172
1235815000,43,5,01a3fdb4
1235825000,43,6,fed20048
1235835000,43,7,fd8d0229
1235845000,43,8,0449fe5c
1235855000,43,9,fd1c01d7
1235865000,43,10,0127fdcf
1235875000,43,11,fece0297
1235885000,43,12,ff35fad1
1235895000,43,13,0544031d
1235905000,43,14,faab0167
1235915000,43,15,03fcfee0
1235925000,43,16,fcb6ffa0
1235935000,43,17,017301f0
1235945000,43,18,fdd5fbe4
1235955000,43,19,031b03c2
1235965000,43,20,fc5dfc8c
1235975000,43,21,027f027e
1235985000,43,22,00a20050
1235995000,43,23,fe93ff91
1236005000,43,24,004dffec
1236015000,43,25,00ecff79
1236025000,43,26,fee50153
1236035000,43,27,ff66fe89
1236045000,43,28,01230159
1236055000,43,29,ffeaff09
1236065000,43,30,000d00b5
1236075000,43,31,0034ff5a
1240355000,44,0,00150056
1240365000,44,1,ffe9001a
1240375000,44,2,0011ffc6
1240385000,44,3,ffb40012
1240395000,44,4,ffe50129
1240405000,44,5,0178fc9e
1240415000,44,6,00620307
1240425000,44,7,fc80fed6
1240435000,44,8,025b01c4
1240445000,44,9,ffd9ff9c
1240455000,44,10,0005fcd3
1240465000,44,11,0343058e
1240475000,44,12,faaffb53
1240485000,44,13,051dffba
1240495000,44,14,fa350203
1240505000,44,15,0387fd53
1240515000,44,16,ffc90214
1240525000,44,17,00770046
1240535000,44,18,fcb7feda
1240545000,44,19,02900116
1240555000,44,20,006dff21
1240565000,44,21,fe9e0008
1240575000,44,22,febe033d
1240585000,44,23,02f0fadc
1240595000,44,24,fdf7042e
1240605000,44,25,fffbfda8
1240615000,44,26,02770099
1240625000,44,27,fd9dffde
1240635000,44,28,013f0097
1240645000,44,29,ff91ffdc
1240655000,44,30,fff7004d
1240665000,44,31,ffedff57
1244945000,45,0,ffbf004f
1244955000,45,1,0046ff78
1244965000,45,2,ff7e00b8
1244975000,45,3,00ddff29
1244985000,45,4,fed201ff
1244995000,45,5,00edfc60
1245005000,45,6,02190410
1245015000,45,7,fca2fca4
1245025000,45,8,019e01dc
1245035000,45,9,0013feb6
1245045000,45,10,fdb0ff8b
1245055000,45,11,02ef0324
1245065000,45,12,fd21fcff
1245075000,45,13,018d0127
1245085000,45,14,001bfe80
1245095000,45,15,000b02d9
1245105000,45,16,0461fd43
1245115000,45,17,fa22010c
1245125000,45,18,ffae00b2
1245135000,45,19,ffcbff55
1245145000,45,20,0386ffb5
1245155000,45,21,fd6dff24
1245165000,45,22,ffd10212
1245175000,45,23,0222fdd0
1245185000,45,24,ff9a02ba
1245195000,45,25,fd99ff3a
1245205000,45,26,0290ff0f
1245215000,45,27,fded0096
1245225000,45,28,018f0085
1245235000,45,29,002dff71
1245245000,45,30,ff4f002a
1245255000,45,31,0065ffbb
1249535000,46,0,00270035
1249545000,46,1,ffe7ffce
1249555000,46,2,0017fff2
1249565000,46,3,ffeaffd2
1249575000,46,4,0016010c
1249585000,46,5,012dfef3
1249595000,46,6,ffa50139
1249605000,46,7,fdd7fea3
1249615000,46,8,01ab0018
1249625000,46,9,0161ff62
1249635000,46,10,fdd7fff8
1249645000,46,11,ffad01e3
1249655000,46,12,0077ff0b
1249665000,46,13,0055feb2
1249675000,46,14,006702c3
1249685000,46,15,fed4fcee
1249695000,46,16,027d0295
1249705000,46,17,0245fd82
1249715000,46,18,f6f7012c
1249725000,46,19,06c200fc
1249735000,46,20,fc3efd3e
1249745000,46,21,024700ef
1249755000,46,22,fef301cb
1249765000,46,23,0039fe99
1249775000,46,24,001101de
1249785000,46,25,ffbbfdc2
1249795000,46,26,01ef0316
1249805000,46,27,fd6ffdfb
1249815000,46,28,0195001b
1249825000,46,29,ff970070
1249835000,46,30,007dffad
1249845000,46,31,ff9cffe2
1254125000,47,0,ffde005b
1254135000,47,1,0019ff2d
1254145000,47,2,fffe00a1
1254155000,47,3,ffe3ff6f
1254165000,47,4,ffd000b6
1254175000,47,5,ff8bff5d
1254185000,47,6,00e7015e
1254195000,47,7,005eff15
1254205000,47,8,ff22fee6
1254215000,47,9,ffbe01c8
1254225000,47,10,0224fd98
1254235000,47,11,fca1038d
1254245000,47,12,029cfd35
1254255000,47,13,fcb4ff8e
1254265000,47,14,04360082
1254275000,47,15,feac0218
1254285000,47,16,ffeafce3
1254295000,47,17,005f010f
1254305000,47,18,fc1a000b
1254315000,47,19,010b0305
1254325000,47,20,032afd36
1254335000,47,21,fba5ff83
1254345000,47,22,0411ff4a
1254355000,47,23,fff2048b
1254365000,47,24,fe26fd74
1254375000,47,25,016a0058
1254385000,47,26,feb0fff8
1254395000,47,27,0229ffef
1254405000,47,28,fe42ff77
1254415000,47,29,00c4ffd6
1254425000,47,30,ffde009a
1254435000,47,31,0024ff88
1258715000,48,0,fffa0024
1258725000,48,1,0019ffc0
1258735000,48,2,ff9c0029
1258745000,48,3,005eff8b
1258755000,48,4,fe6b0233
1258765000,48,5,03c5fbb6
1258775000,48,6,fdab0344
1258785000,48,7,ff4aff65
1258795000,48,8,0181010a
1258805000,48,9,fc7bfeb5
1258815000,48,10,02d6fe71
1258825000,48,11,024705a3
1258835000,48,12,fe08fa76
1258845000,48,13,fe59fff1
1258855000,48,14,036401fa
1258865000,48,15,febdfe78
1258875000,48,16,fde20142
1258885000,48,17,00b10052
1258895000,48,18,009efe31
1258905000,48,19,fe0a02ad
1258915000,48,20,0219ff47
1258925000,48,21,ffcbfdea
1258935000,48,22,007d0264
1258945000,48,23,fddefd01
1258955000,48,24,03d705cc
1258965000,48,25,fc83fb21
1258975000,48,26,013801a9
1258985000,48,27,0001ffe5
1258995000,48,28,0058ff84
1259005000,48,29,ffcf004f
1259015000,48,30,0024ffea
1259025000,48,31,ffdbffea
1263305000,49,0,ff9e0067
1263315000,49,1,008eff53
1263325000,49,2,ff18011e
1263335000,49,3,013bfe83
1263345000,49,4,ff09028c
1263355000,49,5,00e2fba1
1263365000,49,6,ffbd0461
1263375000,49,7,ffc4fc69
1263385000,49,8,febf01a8
1263395000,49,9,fffb017a
1263405000,49,10,0322fbee
1263415000,49,11,fdab04ce
1263425000,49,12,ffe2fc07
1263435000,49,13,ffe000e7
1263445000,49,14,01300248
1263455000,49,15,ff40fcef
1263465000,49,16,ff6a01f7
1263475000,49,17,01b2ff3d
1263485000,49,18,fca00160
1263495000,49,19,00ffff01
1263505000,49,20,0337fee8
1263515000,49,21,fc700079
1263525000,49,22,01830149
1263535000,49,23,00d8fdcf
1263545000,49,24,feb5040e
1263555000,49,25,feb1fdfe
1263565000,49,26,0226fff8
1263575000,49,27,ff73ff1e
1263585000,49,28,006200d1
1263595000,49,29,ffe20057
1263605000,49,30,0010ffda
1263615000,49,31,004cff79
1267895000,50,0,ff760033
1267905000,50,1,008d0000
1267915000,50,2,ffa9ff8a
1267925000,50,3,ffbe0082
1267935000,50,4,fff6ffb1
1267945000,50,5,010fff1f
1267955000,50,6,fd6901b1
1267965000,50,7,03e9fed8
1267975000,50,8,fcceffdf
1267985000,50,9,024602a3
1267995000,50,10,fc71fd64
1268005000,50,11,031601d3
1268015000,50,12,ff84fce2
1268025000,50,13,fef8ffdd
1268035000,50,14,03730404
1268045000,50,15,fd85fc83
1268055000,50,16,fe36fedd
1268065000,50,17,026d03f6
1268075000,50,18,fdabfda0
1268085000,50,19,ffb602a4
1268095000,50,20,ffcafbfb
1268105000,50,21,0363040d
1268115000,50,22,fd93ff6f
1268125000,50,23,00e7fbd6
1268135000,50,24,ffda0541
1268145000,50,25,0034fd8b
1268155000,50,26,ff3f01ce
1268165000,50,27,019afe4f
1268175000,50,28,fe7800b2
1268185000,50,29,013aff33
1268195000,50,30,ff3d00d0
1268205000,50,31,00afff67
1272485000,51,0,ffdb0044
1272495000,51,1,ffdaff9c
1272505000,51,2,ffef00b9
1272515000,51,3,0157fed3
1272525000,51,4,fe0001e5
1272535000,51,5,0281fd08
1272545000,51,6,ff120180
1272555000,51,7,fece0023
1272565000,51,8,00f00113
1272575000,51,9,fe52fdce
1272585000,51,10,010c01be
1272595000,51,11,0126fdd0
1272605000,51,12,fed90341
1272615000,51,13,ff8efcf7
1272625000,51,14,0257fe29
1272635000,51,15,fd590490
1272645000,51,16,0191fce8
1272655000,51,17,fde605a2
1272665000,51,18,0277faf3
1272675000,51,19,fd8f006b
1272685000,51,20,001600a3
1272695000,51,21,0175fe9e
1272705000,51,22,01320222
1272715000,51,23,ff08fc3f
1272725000,51,24,fe2c067d
1272735000,51,25,00b6fc18
1272745000,51,26,0116008a
1272755000,51,27,feb00062
1272765000,51,28,00f1ffc3
1272775000,51,29,0094001f
1272785000,51,30,ff550029
1272795000,51,31,0055ff8e
1277075000,52,0,ff95003a
1277085000,52,1,008bffec
1277095000,52,2,ff17fffb
1277105000,52,3,00efffd4
1277115000,52,4,ff5d01a4
1277125000,52,5,0226fc4c
1277135000,52,6,fddd020f
1277145000,52,7,008101af
1277155000,52,8,fe7bfcd3
1277165000,52,9,0214028b
1277175000,52,10,fe67fece
1277185000,52,11,02020120
1277195000,52,12,0008fd51
1277205000,52,13,fcd901e8
1277215000,52,14,0255fe91
1277225000,52,15,0004fff0
1277235000,52,16,ff3d026e
1277245000,52,17,02f301bc
1277255000,52,18,f9e3fadb
1277265000,52,19,05210186
1277275000,52,20,fcef0192
1277285000,52,21,0110fc7e
1277295000,52,22,016103b3
1277305000,52,23,fd73fce3
1277315000,52,24,01eb04f9
1277325000,52,25,feb2fcf1
1277335000,52,26,fffb004c
1277345000,52,27,01eaffca
1277355000,52,28,fe7c0055
1277365000,52,29,005d0042
1277375000,52,30,0019ffed
1277385000,52,31,004cffa2
1281665000,53,0,ffbeffbe
1281675000,53,1,ffdb0062
1281685000,53,2,ffb6ff89
1281695000,53,3,00e1fff2
1281705000,53,4,00890151
1281715000,53,5,ff16fe27
1281725000,53,6,ffa30056
1281735000,53,7,00c80080
1281745000,53,8,fdd5ff6a
1281755000,53,9,029000cb
1281765000,53,10,fd72ff38
1281775000,53,11,03ed04c0
1281785000,53,12,fcf7f839
1281795000,53,13,00c703dc
1281805000,53,14,00f2ffa7
1281815000,53,15,ffedfef4
1281825000,53,16,ff84ffda
1281835000,53,17,fe7101ee
1281845000,53,18,019a022b
1281855000,53,19,ff95fb6e
1281865000,53,20,ff470029
1281875000,53,21,00e2ffcb
1281885000,53,22,ff250232
1281895000,53,23,0034ffd4
1281905000,53,24,00e9ff86
1281915000,53,25,fea80011
1281925000,53,26,01560108
1281935000,53,27,ff2dffa0
1281945000,53,28,ffc9ff95
1281955000,53,29,017dffbe
1281965000,53,30,feaefffd
1281975000,53,31,00b70050
1286255000,54,0,00410077
1286265000,54,1,ffccff9a
1286275000,54,2,fffaffc1
1286285000,54,3,ffbe0091
1286295000,54,4,00d60006
1286305000,54,5,ffb7ff78
1286315000,54,6,ff6affe7
1286325000,54,7,00330060
1286335000,54,8,0121000e
1286345000,54,9,feb7fefc
1286355000,54,10,0018020b
1286365000,54,11,fe1cffb1
1286375000,54,12,01fefdc7
1286385000,54,13,005701b3
1286395000,54,14,ffc8ffc4
1286405000,54,15,033ffea0
1286415000,54,16,f9170255
1286425000,54,17,056efd6a
1286435000,54,18,fb1c048d
1286445000,54,19,035efc37
1286455000,54,20,ff3800a4
1286465000,54,21,002100dc
1286475000,54,22,029efe4d
1286485000,54,23,fb850144
1286495000,54,24,023f012e
1286505000,54,25,ff7ffd50
1286515000,54,26,00aa02c7
1286525000,54,27,ffc0feab
1286535000,54,28,ffdc008f
1286545000,54,29,0061ff31
1286555000,54,30,007800c0
1286565000,54,31,ff51ff30
1290845000,55,0,ff60ffd2
1290855000,55,1,00a40026
1290865000,55,2,ff07ffed
1290875000,55,3,01a70043
1290885000,55,4,fe8bffcc
1290895000,55,5,01c2feb5
1290905000,55,6,fec300e6
1290915000,55,7,00b5015f
1290925000,55,8,fe83fe2b
1290935000,55,9,fffb00bf
1290945000,55,10,ff97fea3
1290955000,55,11,0511022b
1290965000,55,12,f861fe1f
1290975000,55,13,07c50026
1290985000,55,14,f9dcfe9a
1290995000,55,15,02e6039e
1291005000,55,16,fe5eff34
1291015000,55,17,00cafcc6
1291025000,55,18,ff5f04fb
1291035000,55,19,ff53fc75
1291045000,55,20,0247ffea
1291055000,55,21,ff74ff27
1291065000,55,22,fd770366
1291075000,55,23,0255fd3f
1291085000,55,24,004f02e3
1291095000,55,25,fcc3fe0d
1291105000,55,26,01cf0145
1291115000,55,27,01f9ffa9
1291125000,55,28,fe7dffa7
1291135000,55,29,00990056
1291145000,55,30,ff2effaa
1291155000,55,31,00fc0038
1295435000,56,0,ffd5007c
1295445000,56,1,0030ff5a
1295455000,56,2,ff9b0092
1295465000,56,3,0013ff42
1295475000,56,4,ff2d027a
1295485000,56,5,036dfb56
1295495000,56,6,fcc303da
1295505000,56,7,0110ff93
1295515000,56,8,fed9fe91
1295525000,56,9,0011021c
1295535000,56,10,ffe1fd16
1295545000,56,11,0354073a
1295555000,56,12,fd15f76b
1295565000,56,13,00a6025c
1295575000,56,14,0196ffd2
1295585000,56,15,ff50feb0
1295595000,56,16,fe53037a
1295605000,56,17,0134fefc
1295615000,56,18,fe0dff60
1295625000,56,19,001b015c
1295635000,56,20,01c9fd72
1295645000,56,21,ff6701a6
1295655000,56,22,0011006a
1295665000,56,23,0024fc25
1295675000,56,24,00a706c5
1295685000,56,25,fec7fcd2
1295695000,56,26,005fff44
1295705000,56,27,00caffdc
1295715000,56,28,ff3d00dd
1295725000,56,29,000aff9c
1295735000,56,30,003e004e
1295745000,56,31,fff0ff7c
1300025000,57,0,0004003a
1300035000,57,1,0019ffe4
1300045000,57,2,fecb004b
1300055000,57,3,017bff1f
1300065000,57,4,fea40120
1300075000,57,5,02acfed8
1300085000,57,6,fcc302d2
1300095000,57,7,0300fbd7
1300105000,57,8,fcd602bd
1300115000,57,9,0479ffed
1300125000,57,10,fa93fd24
1300135000,57,11,0144052f
1300145000,57,12,0113fb1f
1300155000,57,13,002901bb
1300165000,57,14,0077011c
1300175000,57,15,0072fe90
1300185000,57,16,ff4c0146
1300195000,57,17,0017ff5c
1300205000,57,18,fe4b0135
1300215000,57,19,01dbfee5
1300225000,57,20,ff62fd92
1300235000,57,21,002c01c8
1300245000,57,22,ff2f01f8
1300255000,57,23,006afca1
1300265000,57,24,010604a3
1300275000,57,25,fe37fd97
1300285000,57,26,021bffa0
1300295000,57,27,ffe2fffd
1300305000,57,28,feab00af
1300315000,57,29,0117ff19
1300325000,57,30,ffb30096
1300335000,57,31,ffe0ff70
1304615000,58,0,ffcd0048
1304625000,58,1,0069ffbd
1304635000,58,2,ff3600ba
1304645000,58,3,009cfe83
1304655000,58,4,fee20260
1304665000,58,5,01ddfd82
1304675000,58,6,ff8501df
1304685000,58,7,ff7dff24
1304695000,58,8,0110001e
1304705000,58,9,ff2501d5
1304715000,58,10,fe43fa44
1304725000,58,11,011d0940
1304735000,58,12,00d7f8ef
1304745000,58,13,01feffa3
1304755000,58,14,fef00279
1304765000,58,15,ffdcfff3
1304775000,58,16,fd6dff86
1304785000,58,17,02e5fe69
1304795000,58,18,fc9e01ce
1304805000,58,19,017a0063
1304815000,58,20,ff70fdd0
1304825000,58,21,00b302bc
1304835000,58,22,025900e5
1304845000,58,23,fd89fb9a
1304855000,58,24,00da03d8
1304865000,58,25,ff71fdb1
1304875000,58,26,0071020c
1304885000,58,27,000dfe5e
1304895000,58,28,feeb00c5
1304905000,58,29,0136fefb
1304915000,58,30,ffb20133
1304925000,58,31,fff6ff53
1309205000,59,0,ffa20062
1309215000,59,1,0025ffb4
1309225000,59,2,ff4cffd3
1309235000,59,3,019e0052
1309245000,59,4,fda6018f
1309255000,59,5,02e8fd07
1309265000,59,6,fe19021e
1309275000,59,7,ffeafed2
1309285000,59,8,ff4e0010
1309295000,59,9,02f201cd
1309305000,59,10,fe1dfd46
1309315000,59,11,01860302
1309325000,59,12,fdd3fe1c
1309335000,59,13,00b2fedf
1309345000,59,14,fe4e01b8
1309355000,59,15,03b0fe1a
1309365000,59,16,fd320270
1309375000,59,17,0139fce2
1309385000,59,18,fe2001f9
1309395000,59,19,01a002a4
1309405000,59,20,003cfbaf
1309415000,59,21,fe160341
1309425000,59,22,003d0060
1309435000,59,23,02eefcf6
1309445000,59,24,fcce02be
1309455000,59,25,02e0fd95
1309465000,59,26,ff4301f6
1309475000,59,27,ffecfe28
1309485000,59,28,feb3013e
1309495000,59,29,0138ffc9
1309505000,59,30,ff58006a
1309515000,59,31,0090ff36
1313795000,60,0,ffb7002c
1313805000,60,1,006ffffc
1313815000,60,2,ff370067
1313825000,60,3,0089fedf
1313835000,60,4,005802ad
1313845000,60,5,ffb3fb0c
1313855000,60,6,ff8b038c
1313865000,60,7,0127ff36
1313875000,60,8,fefe00b8
1313885000,60,9,008200d7
1313895000,60,10,fd65fd94
1313905000,60,11,070c0507
1313915000,60,12,f9d4f7e1
1313925000,60,13,02c703d1
1313935000,60,14,fe110197
1313945000,60,15,0214fc5f
1313955000,60,16,ff010168
1313965000,60,17,fef50222
1313975000,60,18,fee7fb7f
1313985000,60,19,02ab03a7
1313995000,60,20,ff3c0013
1314005000,60,21,ff3dfee0
1314015000,60,22,feab0280
1314025000,60,23,0101fc38
1314035000,60,24,01d60344
1314045000,60,25,feb2fdd3
1314055000,60,26,006900c6
1314065000,60,27,ffe80013
1314075000,60,28,000400d7
1314085000,60,29,fff1fef3
1314095000,60,30,ffd50085
1314105000,60,31,005cffab
1318385000,61,0,ffc80047
1318395000,61,1,0048ff40
1318405000,61,2,ffca00f1
1318415000,61,3,ffd8ff7d
1318425000,61,4,00690135
1318435000,61,5,00d3fd5f
1318445000,61,6,ff0e0096
1318455000,61,7,006e0014
1318465000,61,8,ff570267
1318475000,61,9,fff5fd7a
1318485000,61,10,fef600a9
1318495000,61,11,00e80241
1318505000,61,12,0109fb0a
1318515000,61,13,fee501a8
1318525000,61,14,009001cf
1318535000,61,15,00d8ff87
1318545000,61,16,fe50000f
1318555000,61,17,0284feb0
1318565000,61,18,fa9a0265
1318575000,61,19,02cefd17
1318585000,61,20,036f020d
1318595000,61,21,f9a1ff85
1318605000,61,22,0544feb6
1318615000,61,23,fbbc010c
1318625000,61,24,03f90253
1318635000,61,25,ff07fdba
1318645000,61,26,fe7e00a9
1318655000,61,27,0106ff6b
1318665000,61,28,005700ec
1318675000,61,29,ff3fff50
1318685000,61,30,00b60055
1318695000,61,31,fffaffb9
1322975000,62,0,ff710080
1322985000,62,1,00d2ff05
1322995000,62,2,fe670104
1323005000,62,3,0213ff44
1323015000,62,4,fe2e01be
1323025000,62,5,02c5fda7
1323035000,62,6,fda7003d
1323045000,62,7,ff2f00cf
1323055000,62,8,0139fdce
1323065000,62,9,010002f8
1323075000,62,10,fd7fff1f
1323085000,62,11,011500ee
1323095000,62,12,fdfafd2d
1323105000,62,13,04fa02aa
1323115000,62,14,fcedff82
1323125000,62,15,00ecfe81
1323135000,62,16,004bff7e
1323145000,62,17,ff22034d
1323155000,62,18,fe51fda2
1323165000,62,19,017f004a
1323175000,62,20,fe6a00e8
1323185000,62,21,01e3fd5f
1323195000,62,22,0001030b
1323205000,62,23,ff7ffefd
1323215000,62,24,ff370078
1323225000,62,25,0124002a
1323235000,62,26,0071007b
1323245000,62,27,feddff6c
1323255000,62,28,00e20019
1323265000,62,29,ffe6ff34
1323275000,62,30,ffd300e6
1323285000,62,31,0092ff53
1327565000,63,0,0027002d
1327575000,63,1,ff93ffd2
1327585000,63,2,fff3ffce
1327595000,63,3,00d1006e
1327605000,63,4,ffe4ff9d
1327615000,63,5,ff7e0140
1327625000,63,6,0081fe46
1327635000,63,7,fe66006f
1327645000,63,8,0261ffff
1327655000,63,9,ff2affc1
1327665000,63,10,ff3affa4
1327675000,63,11,ff560297
1327685000,63,12,ffaafe2d
1327695000,63,13,01e5fe96
1327705000,63,14,00a700ea
1327715000,63,15,ff53ffa8
1327725000,63,16,fbab005b
1327735000,63,17,06010092
1327745000,63,18,fbf70488
1327755000,63,19,01fff960
1327765000,63,20,fdac034b
1327775000,63,21,0408feda
1327785000,63,22,fde1fece
1327795000,63,23,009a00f7
1327805000,63,24,fe5900ad
1327815000,63,25,01e2003b
1327825000,63,26,ffc0ff7e
1327835000,63,27,fef6ffff
1327845000,63,28,00ea0177
1327855000,63,29,ffb5fd68
1327865000,63,30,0093019a
1327875000,63,31,ffa1ff46
